section,field,response
My Information,Legal name,Shanyu Kollipara
My Information,Preferred name,No
My Information,Address,"12343 Hidden Run Dr, Frisco, TX 75035, United States"
My Information,Email,shanyukollipara@gmail.com
My Information,Phone,+1 408-505-1612 (Mobile)
My Information,Previously worked for this org,No
My Information,How Did You Hear About Us,Other Job Sites
My Experience,School,University of Texas at Austin
My Experience,Degree,B.S.
My Experience,GPA,4
My Experience,Resume,Shanyu_Kollipara_Resume.pdf (successfully uploaded)
Application Questions,Relatives at company,No
Application Questions,Desired salary,$30/hour
Application Questions,18 or older,Yes
Application Questions,Employment type,Internship
Application Questions,HS diploma / GED,Yes
Application Questions,Overtime if required,Yes
Application Questions,Authorized to work in U.S.,Yes
Application Questions,Sponsorship required,No
Application Questions,Work auth description (optional),(left blank)
Application Questions,Terminated / asked to resign,No
Application Questions,Availability / start date,05/01/2027
Voluntary Disclosures,Gender,No Response (not selected)
Voluntary Disclosures,Ethnicity,Asian (Not Hispanic or Latino)
Voluntary Disclosures,Hispanic or Latino,No
Voluntary Disclosures,Veteran status,I am not a veteran
Voluntary Disclosures,Terms and conditions,Yes
Self Identify,Disability,"No, I do not have a disability and have not had one in the past"
Self Identify,Name,Shanyu Kollipara
Self Identify,Date signed,09/11/2026
Submit,Result,Application Submitted — RESULT:APPLIED
